file	sega_sha256	english
cpu_0.dat	B04A41ECF7532E3BF1A6AA9AECD0C1755191AFE7C5C972082A3E3BFBDCC249B2	Katamari LG Korogashi
cpu_1.dat	DB719DB5B106DF647F32D5DF0CBD4726ADC48E58DD0658CA20CB950C6AF0802B	Catenaccio 82
cpu_2.dat	1FA2C5CFBBB01FF444EB66B5709DAD81D29AB9F1B24E43E93F463DA256570986	Super Espana
cpu_3.dat	6814BA326212FD6CE1285B404BB20373CDED23EABEE4BF5A08DD2C69F99EE992	Great Lions
cpu_4.dat	5009250CD18181E7E0994CF599878AA3B1D2EFDE1D8AB7B725826C8EE1D0603C	Arc de Triomphe
cpu_5.dat	8DB0A4CCCECD385D9DF4035C19FC974F7CB307D7F9BB158098631193FC8AB4D0	Super Oranje
cpu_6.dat	B30E6582F5BE030A81A4D4469C096B4FB651F0CC16A8D3BBA804F8620888375A	Verde Deutsche
cpu_7.dat	961A5AA6FFB05EE44E2652347545F30971C97660259387DC700EEFCF85841191	Portuguesa Quinas
cpu_8.dat	6C6695869955F536E9ADEACDC7D691B3B03EF4B4AF0C37F4DFD1F0AF2B551E8F	Golden Santana
cpu_9.dat	E7BABDFC293B99B5A50A222CB19240D243FEBAB438938FFA17496311FDF9CDAF	Super Argen
cpu_10.dat	0B8843CE5A9CD32C23AC3C6A4C74911A51B6A785B6B086594B571F65828FA5EF	AS Mediterranean
cpu_11.dat	3C31A756A7DC53541F6BAFF07EC67C6315F8D8B9DBEA36907457B0E0C44946F3	Roja Hispania
cpu_12.dat	D17D3B8C7BD1462739D94BADF8E22ECBCD84057ABDB89FE86B21F2D53FBEBF02	White Lions
cpu_13.dat	D9E582F301438496EFDB605881186BFA897AAAD09C3A08C2F3F5A8526D8E06C3	La Bleu Ensemble
cpu_14.dat	826079A697E09E8DB8EFE4D7B9B0428F35D815C4BE74E1A4DC0C5217A8828219	Oranje Elftal
cpu_15.dat	BF441B45ECDA7714BA9C132AB1021CE39FF70D106B9C8B97C8B58710E1BB0706	Mannschaft Soul
cpu_16.dat	6C9EACD95AEBE011ED6894DF791402706466CEC3F070524AD447B9C6F0D730F1	Portus Accordion
cpu_17.dat	35EAFB80F415CBD8AA15DF24C32913F3A362CE3230CAE558CF65323B33349955	Yellow Canarian
cpu_18.dat	5FE8E9FE912E95A0F48D135D184DFFF7AF3C7105FDD85223A21C0A2FFD481C68	Grande Albiceleste
cpu_19.dat	B809046BAAFFBF8550242DCDC20D9D8379091D2017A855AFD12A6E3D2895332E	Rosso Nero 90s
cpu_20.dat	5944FB3984DA07251645330B3D7E6E8E8DA1B5D620161C8E791B27F0A2E683D2	Inter Ambrosiana
cpu_21.dat	B0558374294C51C94237BB77616B43AC25F2591A059393FB5259DC1D68B13310	Grande Bianco Nero
cpu_22.dat	D8A8097D91D0350FE433A5B57F54D9C7749D084833461B681F572B840048996C	King Madrid
cpu_23.dat	95A4CE3D957D23D8193E2AC54D359DC385D1286D31DB3D06F61FC9E732E0CE95	Miracle Blaugrana
cpu_24.dat	3D032729551A8BA343E33EA76CAA068D2EE1DA38436E1A75D1C6D264BE0425C1	Crown Babes Utd
cpu_25.dat	C0D0C70420F31DBEE796F5E10BAA377408123BB8A7DC01391ACD0F92B4CB95AC	Rising Sun Stars
cpu_26.dat	B71E6991887FA3C4759AA230261B5BE8ABDA32375D60AD21E38FB6CBBBB48506	SAMURAI BLUE
cpu_27.dat	01E039B51E3FAD6FAED29449A5D0912F0F3F92D577454B40C1E9A7AB399E86B8	Meglio Lega Calcio
cpu_28.dat	7769F88FD035BF8BC727C94786CA1F7EC1399C968839AD9CD02E8D288AE77C00	El Mejor Primera
cpu_29.dat	5DDEA86EF4B527DCF745ADB6FE5C0F160A73F56BC34CD8B2171BC66E1DBFE1B8	Great Premium FC
cpu_30.dat	53600B05FE585FF857B9C4CF312E2389B6A2292990A581F48525C7FE6EFA19A7	Arsenal
cpu_31.dat	1BDD2211230EA148BA9A450EBF9C29E76A3BB8F16C469DAD38B52EFE7CE31F20	Chelsea
cpu_32.dat	89A691F645ED0AF40B87457921B8DB5C65F45269293FC6187B02D9299286AF26	Liverpool
cpu_33.dat	C9A9096E9CCE17E860E2EDFF8DFF5747B808F063B24CC4D281261A48AEBD0E48	Manchester Utd
cpu_34.dat	47E35DFC9A931AB50777FD209C6210601EC399C1DE0A16E9944951FA9BCA28BB	Borussia Dortmund
cpu_35.dat	DE832EE6E2861C9BDED763D177E325F11BD1D8FBEF999AC4289A5D3D03E05F21	Bayern Munchen
cpu_36.dat	A17B9F84B139186111B24EE4062F1924E0CBE4F99742C4FD59527F6E9E336C8F	A.C. Milan
cpu_37.dat	4C7917537AF3ADE6F0A35B6F801A0A64C5D21E0E1E3934C044391ED95B7D3DFC	Inter
cpu_38.dat	F9DD08AFF3F4B1D417382316CC2CBE0A5F803F50F4C90C1E3D094DB60B594475	FC Barcelona
cpu_39.dat	B9F59AC3E414C9407B594BB0DC265BCE28E3E9FD8BE5A9DC3ECEAFE0593109F6	Real Madrid
cpu_40.dat	08FC1F6EE285459438ED09599F9F26EEAA1BA939FD43AE5839A7629BE6F51546	Golden Wonders
cpu_41.dat	D87D771ABD89744A6916646AAE68FB02B897F4C14A3E547CAB52CBBABCD0FD25	Giallo Rosso Roma
cpu_42.dat	AFB4FF35709470C12B7883E20BB00D2B71960953D50C4932E7AF275EDA4F7834	Highbury Gunners
cpu_43.dat	CBD01DAA58F400F4A843B42A321F3E6DBCD7938252B391069F87DF7E7FC1B3DD	Stamford Blues
cpu_44.dat	C5816E4A00EEC04E103290AAAC225F5E86B29C3120A36322B1CBB809A7F6BD35	Anfield's Beat
cpu_45.dat	45C8D9F305B16D6D4940F120FD5A00C0AF15A55EA09A5ED1DC4CE50F7C47BE4E	Unbreakable 02
cpu_46.dat	9B10B3F655407AAA45C5FEBC833B123930532179BA6D851FECA2FE88D830AA1A	AC Road Roller
cpu_47.dat	CBE23B3815D99F2F92A40E0D1CC4808403158049BE10DE0CFED621B294B4E90D	FC Galore
cpu_48.dat	166EA44915D731B14774FDCED4DB3217749CF03536A2053B073A7146982061B3	Highland Juniors
cpu_49.dat	AC70B70145719D3ADBB1CFC4860B190E6C6997BAFA9343808EB62E27FC5EC45C	Riverside FC
cpu_50.dat	2ABAA7DDCE2F4E628ADDFD1C5409DA7DD3A6942C8BD7CC7A75FDBF878821CC31	Big Apple Stars
cpu_51.dat	6253E1E8811B5094F954683E1F1AE155FC1AE81222D2F2D86158A972569285EE	African Eagles
cpu_52.dat	0148C202B88B79B957E3C66479426C69A5669C217F35E55DBB76503543B04402	AS Majeur Un
cpu_53.dat	E92AD98CB67C3610FAAFA398C637B222C5403A06B7236F9ABAEA0ABA5E5A9AAD	Stark Eer Holland
cpu_54.dat	D1B052F514B81C27762502BBABBE9C91B1EAAB0B17C6F253E4A7887F34E4A232	Bunt Dur FC
cpu_55.dat	D6525268A402C4E9DDC65FE920BDE78B70074B21FB1B7644B99AEA37929B2BCA	Vitoria Amazonas
cpu_56.dat	68DE932C1D8E1A24AC01708A297B3E12C9C295CA0204926CC91F3EA7936E0788	Victoria La Plata
cpu_57.dat	DCE966AD627807E9097EA2EC9D7A9AE18662E1A97F8378D476B70F7F5800ED3D	Sonne Glanz
cpu_58.dat	05BE1921CF446E700E4BAC3D19677F98130E2D1B43D96645780923C44BA3BA5A	Boca Juniors
cpu_59.dat	5A7B58612DAC9C88C6A090388B3315128DAF4F596C356058F383F8E8ABCD901D	Santos FC
cpu_60.dat	34AD503DF39FD3840B1B200F0E3D0CBC3D24A8E3BA4BED5B19F030FC3E1BB82D	Marseille
cpu_61.dat	D998A2D4F911D7F7D0A5F645BDB7FE2FC37CC228F9A200021EA82331DA5E0026	Lyon
cpu_62.dat	6DC77B0E0CCB2364D5D96332883C218566320170A54244F69069D99BFE856E99	Ajax
cpu_63.dat	FBA8125DD660C6BC045F152881B20DB39F1E54DCA4518EA3A1C4589699BA2A6E	AS Roma
cpu_64.dat	14772701983A0CCA3221DC56E355EF6479905E0408B7D19F1E86EDCB608C16D3	Sampdoria
cpu_65.dat	43507B7A9D2C87957F68001B49A0AD87B6CCDB2D66FE39E238651465C789A039	Benfica
cpu_66.dat	59E75A9F6B4E04C7ADF838AF20FFE9DBEA0552205C9B39D606D4C5129EBB7844	CSKA Moscow
cpu_67.dat	1CFDAF938ADE9D7F423482143B65F9B785C325AEEFA9DB3D194A50D8E21C9DEE	Sevilla
cpu_68.dat	6F979F234C6125B2DCCC05F5029CC276C82FAFF921494659612BB2A2F8A9C2ED	Valencia
cpu_69.dat	B8F9E44898C991D9287D4EAFFC94F83046FD8FB5F88995FE934386DDD43084BA	Villarreal
cpu_70.dat	DD0AB7C6C168F6C26E988043D845D6CA8E8D0181515D87252B03DC0C7DA6A222	Magic Impact LF
cpu_71.dat	E57C3125548C28E72898167CF799A1476693454886D86E5AFD37EDDAF0A975CF	Naranja Valenciana
cpu_72.dat	CE6EDFBCAFEEF74193F1C886B5EBF8589000C64799955A80987AA12B086F78B0	Viola de Artemio
cpu_73.dat	B2BAE463FF937CAC8F2611B5C362F076AD2DB0592B6204AC0B7D3928EE14DA0E	Olimpico Celeste
cpu_74.dat	82AEFA6A980B32B87BE81D79E784B90396615B2DD3D73330DF57D0D20FF58769	Ennio Prosciutto
cpu_75.dat	A321B1F3EE2471DF724348293219152D91CA83CA8B2FB35366DFA7D65E696828	Madrigal Amarillo
cpu_76.dat	784DA6B6849A6F491CA5B9D13EA0089E2754CA4E0C92C2A1A774807D6482DA47	Calderon Madrid
cpu_77.dat	A90112E4842476CD63BB9DCF88AC609C8548BA67C945AA3BBC74737A326B035C	Fuerte Andalucia
cpu_78.dat	DCB8197E27DDC2C011506E8891B49D2345348D15A2308043338012CEE6C4B19C	Gironde Compostela
cpu_79.dat	BB137148CB5893585A293B33E1FB69EBCAF30E639DD2839218FD3EEBC0AB8478	Lugdunum Olympia
cpu_80.dat	D1C08594F8A7A3D0E5B86D5BE4C7A60389AA9B633365DA6C31F1A11937413C93	Coimbra Friuli
cpu_81.dat	682C4D9B4B87941ADD641096BB9F6F5595DC1AFDD708DAD89F8BD7806D798BB4	Verona Blu
cpu_82.dat	000CA267617E16ACDF3996C19CDE7D69849B6BE17E6F77F3D13C37C67B7CF02F	FC Rondinelle
cpu_83.dat	5E701B1286175D273684DFD4C4F5C059F83498A0DE62705E04678A7D782D8945	Umbria Grifone
cpu_84.dat	C6D63D70F69E3502BCF956324C371EA6A107A63F74F998E98FC2C1F87927353C	Rosso Blu Tag
cpu_85.dat	E77EE4594648776113EF63835A17D372141C28C37D248B049D5938E9FD15DD49	DC Riazor
cpu_86.dat	E94E18C2F326AC0E3333ADF41EC7D16DE8B58501547692F6354CD12BFF7EAFE6	New Magpies Utd
cpu_87.dat	FC28B88FBBED7D0D6E5D58EB1C790AB724ECEEE24F37A6372450FA8C2781B7E2	Charles Notre Dame
cpu_88.dat	BA6A1865C39232FC0F14332B6791FA7FCB4207CB31095B5453DA7B73FA0A2F37	Parc de Eiffel
cpu_89.dat	1CC2714EAFA3DE1FEE89318310A4CBA137274607D1526228E2926F14D389F3C7	Amsterdam Jewel
cpu_90.dat	E07ECD2E342D18B400DE0D248BF11109D59FE719694FC3D133A00AD6096AEE23	Rotterdam 1908
cpu_91.dat	192EDF57CD3513D28EE9061123B4FD96C1FAAB1FA6A5D21607661D2F4A9398BB	VC Arnhem
cpu_92.dat	E3CB6478C14FAF62A90FBEDCDB46FD04BF25A3CD3400E18CC52AA5DA53DA4869	Highland Dollar SV
cpu_93.dat	7D7D05C4A126AB2AF8F8213D2D9263B0CC2B2A9BCB3FF4C3F318057DB9004ED1	Peixe FC
cpu_94.dat	BC6F0FE1DE24815C8519DF16027277A82C6CF2DA922742B2EE525E6FAD8846D6	Poco Jogador
cpu_95.dat	E453094128D49C72080C7B76DDA2A46C77276943D8DCFCD73E743A0BA707AAD1	US del Mare
cpu_96.dat	24802BAB92CEDF920528F6010B8F4611A2B3B70BBCF5C6841C7C58E73D6F0A33	FC Citta di Acqua
cpu_97.dat	2648C70745D0B0DB8410ED93B45938582661C1D02DFEB7D85FE68D5E74DF734D	Giallo Verona
cpu_98.dat	EF2716EDD0917B0729D2FF49B8A489CF15A713AFFC400BC8E5820D76BDE0F444	Corsi FC
cpu_99.dat	F7C9B3EA146EFC473D6BF5347D2620242A67F9843D216A123F559B3AF2051EA8	Canarini FC
cpu_100.dat	93CD66FA6CDA7AD545B379704A6255DC3BAFE02639267DD13E9EB2BDDA9A0487	FC Calabria
cpu_101.dat	384F7FC52C2DD6E4CB6FE152D17730E0D343AE1CDC3F725A0CF789C48DC04D26	Bergamo BC
cpu_102.dat	08D3A8CF2E078C0914B230F7859DA393FE3699BB36E06B27E26EC485CDF492AC	FC Provincia
cpu_103.dat	C9465270FED387D5C0C9C44BB2B5C7CCE95B0E02560914BE5DF9AC3C2067895E	AC Comum
cpu_104.dat	BB4703C8294049B263ED9EF06F882559354C3894D530AE57061AD7DC627A2E70	Toro Santa Rita
cpu_105.dat	52F99E52B56FB055273F1644FEB5E1C5898BC0839292FFEDB3633E7DC12A627A	Benito Betico
cpu_106.dat	B4115F38D254A14476F6D7C21F5135857BA22BA0DD972FDB30BE8DFC91B2C02D	Fives Lillois
cpu_107.dat	DA34A93ACECD605DDF754605B9CF5DC727ED0A7C8866FDF299A31024AFD273DF	Esperta Armonia
cpu_108.dat	4BC70A94F37E6B51FCC114EDAFB51F8C029B6FB33AE8594CB3A582AAA9AED8D4	Scoperta Armonia
cpu_109.dat	6009B67237AF1BB395728933C289F14F76AC57D03350C4DEE56D75822D904D3E	Numero Elevado
cpu_110.dat	994194F861439C2E22CAD3DCF2CB7286C2EE1DB76B6687F236F80406E5047A91	Grifone CFC
cpu_111.dat	560EA6CAEE55215FE142D33EEB14581AAA077F535E64E45E1C70B410ECFF6C55	Terremoto Etna
cpu_112.dat	6186A1D14C92F8D30E5F5A99BEA85F72C9AB658FFF7BD4F776691F82881B11D5	FC Zancle
cpu_113.dat	6B3149AF675FBA763017B6490EBA0B95F34098161CCE6AD34E1B73F12FE0A56B	Mosh Rojilla
cpu_114.dat	3473DF4F1EA76E8DF7B5C22E692AC88686BB29CEBC52104743914FB16F4030C5	Albion Baggies
cpu_115.dat	CB7223EACE91EDE8AAC0438845E074622269CDFEDA6FB4E67C3F59B0BF83D95E	Genova Ferraris
cpu_116.dat	E507C6F9809AB9CC4ED0F35EE34DC3E5F7D8FFB0776986C8B6EF0FE1838B2CD2	Rouge Jaune 72
cpu_117.dat	23ECFA83D9ACE76AA9EF604C1E267BF2A0110AFB6F453DE6CC4DD7E8370A5C50	Glasgow Clovers
cpu_118.dat	01823B1BE8B1D91D56F29DA54F902EDD97D1A1DAAF05696722DE37B51616284E	Reisbuch SGE
cpu_119.dat	9744C4CB84B74EF1E480512456E9FC5C37D2CF8C31FCF7901CC730733A511B81	Maas Kuil
cpu_120.dat	E1347375A6FFFFC81085DE62B03AE99E77E5E9D43E3117D1957E98CD7890A86A	Bullen FC
cpu_121.dat	D5930FC10E5749517223F26F378E937F5EE903EFA1E1514704423920B4378C19	Sport Madeira
cpu_122.dat	20C2915A3F31873583DB283CFC6D4EA9DFEE7347FE05972141FDE01E2B4823BD	Bottom United
cpu_123.dat	E12CFD3A696D55CFB226BB901E50D894B5E445DF5BE4434F8D2B8338145CE0AB	FC Espesar
cpu_124.dat	67AB65890EAB6BD76B9B41F7816818E518EBD9353BE46FC0B74F964D5A3155C1	FC Delgado
cpu_125.dat	6FB4E7FABB5ECB82929178F8F776FB758FFCD48884BCBA4039B7009431E653C8	Crewe Alex
cpu_126.dat	847A9C512DEDD8CB5C472B410D8AE0131568C276F767825A7FB61BD15AA1EB0A	Hereford Bulls
cpu_127.dat	877D8C86BEFCDF56B2DCE9089533F85FA7AC5CB998810462B0C872F2BBD87A6D	Mas Querido SC
cpu_128.dat	DD5FAE6766EA36A257189FB2848F88802ABB1A68C5CDFC962407D31537EE0C54	Cobra Coral FC
cpu_129.dat	7A16481E4844534005A75A7586E97521BB8A0CCAD03E9DA16EF3C31978C2D179	Gloria Cordoba
cpu_130.dat	AC8CDD17682AE4464E911AB9B4975BD4C8C4D2ADB72CEA389A3C4437A4DD18F4	US Irpini
cpu_131.dat	FFB4E6CAC4A193407236125533F93C3D969D1524707C3B740F0766984D0F380B	Delfini Calcio
cpu_132.dat	37773A8C26C04D8805A31BD4B1CB445B759808BB5567A6AC72328E905298CB38	FC Aviatel
cpu_133.dat	57D6D5BC1F095E7188F63E449A7FE0CDA59A51C14761F8CFFDFBDECDD2A39280	Violet Berlin
cpu_134.dat	14EAFFCF025FEF06FA3EB1F7D566B74A4310AA655E854AB08C5B37EFFD8C058F	Blue Kickers
cpu_135.dat	ECF2C3F2C33663BF7FA2B981B8FCFB26F99457FA81B1976063C1237136335E31	Jerez Azulinos
cpu_136.dat	1919E4703284DF26BB9DF707D7819E7D00ED9956BF0D1975A4450EF7D9C1D791	Lago Otsu
cpu_137.dat	2305F00924F6C6A7D89B9122C82A342A08E157BB4721B0B801644D1EBE445D9A	Rex Katsuyama
cpu_138.dat	C7F67374E42B9B9A0BEEDA19160C603AAE5BBD55BFF450BA3E7F5859924C3C56	Kamogawa Wings
cpu_139.dat	2041C73F8F181B8EB5E2B319C30FF08180CA2B0902876CE1AED60BC13A627D0D	Corrente Kochi
cpu_140.dat	DE7C2780F942B7A810A857838CFAB3DAEB034B22CC8C72AB4BD5A27E2C4B2F38	Best Eleven
cpu_141.dat	75DA3C1FCF8DF670C434068F1683835028CDC709D4A89AC660F1B333EC04D511	Best Eleven
cpu_142.dat	957AB2A6AB27254AA5141CE679A9D4C3F0AD4B5743AACA7AC912E3BE5B33261C	Best Eleven
cpu_143.dat	A45B8F28B8D35925A75DDC05A1133087943E250D204141D7ED97873CB2E2C3E4	Best Eleven
cpu_144.dat	3AB61C3B77C005D8B949CA529FE60D1B746936631CEED673EE9DCD13D6BFA1F7	Best Eleven
cpu_145.dat	2545097BF8C5B99DEDFC772A38B0DA73204DDED0F7081606419EA1E36F1187BD	IZM=BOJAN&0 pct
cpu_146.dat	B2CDA8DB33702171576539C0612D2CFBF80F3D7B90990B92D26D0058DD24CE00	Juventus
cpu_147.dat	B8383A904A34A688088D5F8F5A9B3CB6884D599F875FDA67D21FDFAA4B028BD5	FC Porto
cpu_148.dat	C21DE4B4BD37A8E8AEB7AD53EA16E7B0359243CF0B92FAE47069D9476D6A7685	Atletico Madrid
cpu_149.dat	229AC9B7E7E3C0F54E1402798FAFB0C120401A8025239F14582B2ACD826A264E	SAMURAI BLUE
cpu_150.dat	CD4CEEE4A06FDC31E1544A901669C9CF80BCC4ACAC1DA3AE65CF44F3684F40F7	Verde Deutsche
cpu_151.dat	67904994D4619F16D09E1F0A33BB6643A26F1A8555FBB7ABE324080DF8DC0A2F	Portuguesa Quinas
cpu_152.dat	1FE6796E023ADA0B8167460495117B8D073FD1EDA8DF465D718C24DCF10BC62C	Golden Santana
cpu_153.dat	EBB1C37E8473AECBACD244C98C25121FBEDE3C34EABEE24290F352E385570DD2	Super Argen
cpu_154.dat	1607A57F2B5BFE775B734C25CFE7E739D8B7862407B8D64D0A3ACD45CDB971E4	AS Mediterranean
cpu_155.dat	EF0EA7B802066BAF6495632058B3104C361FF076506624AE787F0A445AE8E903	Roja Hispania
cpu_156.dat	C8A3F2593C0C2A9196DC7A6A92CD5EBBD200F35D14CE80C5BF09AEF0838D9E78	White Lions
cpu_157.dat	A06E1DE1E901B3315ABFD66A37DE5C221F65BDB8F978C58BD134A646011A27E4	La Bleu Ensemble
cpu_158.dat	BCC7F5886ADAAE4AB565EED4D00A7712F5544ADAC448AE33346880015F2FD42F	Oranje Elftal
cpu_159.dat	AD97BB66B796E854C42D7F87442B6583863BC42711C03001BDE33E1FACFD1AD7	Mannschaft Soul
cpu_160.dat	8ACC62CE04A4684CA7A70F7F80E2FE91A5D0C5F9CD889FF429F31124CECE7A84	Portus Accordion
cpu_161.dat	BCFB970C6BDB8D58A74DA88C446E1E824E61A79110C4DDBFA6233212782027ED	Yellow Canarian
cpu_162.dat	D2E4FF61B10BDE96A2BE7D026051F9251A1658923B11B93F5275158A01CC6F86	Grande Albiceleste
cpu_163.dat	8833C51DB5626904A9B1D951957187FD9239900303DBFB1AD5EE8E68294C2FEB	Rosso Nero 90s
cpu_164.dat	C657221868987E17F28289DB432EEA4D26C8326AE7A7A6EE4C8763191B58E030	Inter Ambrosiana
cpu_165.dat	39384AAF1D280AF3A0F097C7326D685ED3795323917D143DC629FA2C430B508C	Grande Bianco Nero
cpu_166.dat	E92BB1214406FB0932170F06BD78C05FB3B78FF002E6A2ADD6CEF82E10E1E7B3	King Madrid
cpu_167.dat	25A632207014E96FE80708FB03CFA2039A5E84BBA16791ABFB2CA717CAA46F76	Miracle Blaugrana
cpu_168.dat	706D4CCDD4F69E2749FEA0BFB86025BC3D21ABB44C0AAA20370B479FBE5F35C5	Crown Babes Utd
cpu_169.dat	89CCBEFBD03C914B639208B7EBCABEFCE7AE944F1EEC29461A19F8929D2EFD48	Rising Sun Stars
cpu_170.dat	42B55BEC887352A282742663BCC432C75899C0F245EDE710AA4CF45B51C0DB16	Meglio Lega Calcio
cpu_171.dat	F34906B5D5E77653ABCBFC0FF52E61775D06A524C8F92A108676206645A77550	El Mejor Primera
cpu_172.dat	208B2833B589290D876026FC0173377DD925FD7CAA9CF1F094700CCED243E4E4	Great Premium FC
cpu_173.dat	5B1F9798ECB9196EB78AA99E63143CA7F6BF2612D80394963C26E3ACFA1D1E42	Giallo Rosso Roma
cpu_174.dat	8D8FF26F0AD50A00611B2BCB1AD60EB3C362DF212790FCFFD88A613EC791FABA	Highbury Gunners
cpu_175.dat	EF7379B29A7F006BB500B806C1305FADA7A618160080B94BC0E395FF7F02BB41	Stamford Blues
cpu_176.dat	3EFFF618E525E271089349386F13D5A5FA49C83964D64E21A52B2582B97BBA7B	Anfield's Beat
cpu_177.dat	D5AA24E23F4129727206E8408783A76BF0C5741B7E3C1D8D99DA2C70BF29201F	Unbreakable 02
cpu_178.dat	E8BDABA2A016AFCC4CE836AA9542FB88EDB899ED7B6186AA38A0C9D491120FE6	AC Road Roller
cpu_179.dat	7A5DAB496699B97B396EFEF681F9FF8AD55B67C9D4CDE2465B23EAAEACFCCCDE	Highland Juniors
cpu_180.dat	FD94FD6331EF4AA7C8CF9E6BC8B1FE4B6D086F334DB63E4DADDABD3461C67C8F	Riverside FC
cpu_181.dat	F728D77B0E3FD83528D781BE746048266D8D9C9A9254BAF7E9D4C16FD7531691	Big Apple Stars
cpu_182.dat	2BA49CB545500C758E049096CE22967C35941BE5663357A9A74C35BA325041A4	African Eagles
cpu_183.dat	5A8FEB24F207FC40C1424FFC5469F65FD13A53F09C0484A23898E5785467CC68	AS Majeur Un
cpu_184.dat	93041DA713BFBEC0633FE1CB1704F29BC32A8DF376817F21835DA9B9F2757E7D	Stark Eer Holland
cpu_185.dat	AF70E7B112BEF8BC7DCA41E5F66ABD6BE5CEE84F2E32D6683F1CC5311D0795F0	Bunt Dur FC
cpu_186.dat	3ED806F137911A030DCE17F2004DAED99406D0E6094A7044BD8547E4DCB6771F	Vitoria Amazonas
cpu_187.dat	5B298411FEC3AEDDDE56D2751D9B7D32BE60B9F18E7794FB11A7C4A134244B4F	Victoria La Plata
cpu_188.dat	384C590F9D11FED10A5F1D13B344C64E24E453F049BECCEEE7479FF213831FAF	Sonne Glanz
cpu_189.dat	313F5749ADD61489688310ACF0809EACC63BCD0D24D2F59A74D8470E92C04EB3	Naranja Valenciana
cpu_190.dat	305E134A27E0CA855AEE1B1088585CFA9F233D4E2B82AF5AC43472AF06726A42	Viola de Artemio
cpu_191.dat	3D53F5E58E6A9430A481E8E6031B394A77F4DBFA35C41950FF08859670158E72	Ennio Prosciutto
cpu_192.dat	479B6A7F8053A3AA1DF16BB1023E6B7495AF3C9679BC041399903447A89D6F82	Madrigal Amarillo
cpu_193.dat	8B26AD1F57EEABE5879AE3F4218076F990BB04A8EF145E8878AA108B37A6CB14	Calderon Madrid
cpu_194.dat	2D1E19C9E21C3719951C919EA27855991C56EBAFB613EDD3745C439DE7C99A63	Fuerte Andalucia
cpu_195.dat	8AAA307409BF999BB5A9CA8C152F1D3426903A2A74D82FD3773873CA00FAF06A	Gironde Compostela
cpu_196.dat	1F01C03784B393E0AC9570B9CCA69B7C7BE6E3EC064258B934DE64CAFDF4B90E	Lugdunum Olympia
cpu_197.dat	5B5510F7ACFE0C875B4DC2A5856682510641CD76FCF54D4689391F8D204C476A	Coimbra Friuli
cpu_198.dat	266A4CDCA7C1ACA9066136EB85FBDFD2C9F52C4E109F7CFAB40ABFE2F82164CC	Verona Blu
cpu_199.dat	5AB33FFBC6C2FC3951DD67649A472818A68CB023F4BCBCD61F1F19A295E79E39	FC Rondinelle
cpu_200.dat	495CA65989C61636AA5EC8F69A50266F0A30882AE178284EEB8315510DE68E35	Umbria Grifone
cpu_201.dat	42F77667595B6F76C7D9AEAFC7821C17EA5ABA8D71672CD4606A0DCCE2CBE6F0	Rosso Blu Tag
cpu_202.dat	5C9106F37E6B2D083362207958493F6AF0B6DEBE63D9264D5F32C4B58128CC52	DC Riazor
cpu_203.dat	498855BA2B2B6FCC7FB9892B62A21FD1C9E232414D0E8790CA4D452C7669A407	New Magpies Utd
cpu_204.dat	B21A45857B1265D9A756F251867F2DCE5464F70C1E0C86EE5E6561C75AC855E0	Charles Notre Dame
cpu_205.dat	39680C658D1369B65BB5445F84E50110AD6439BC9C0EE376F8C793FED0E9C5C6	Parc de Eiffel
cpu_206.dat	6726BE6393789E10561DFABC21AA9A992CECDDC50D64D7C8D660DFC1D64AFDF4	Amsterdam Jewel
cpu_207.dat	812ADCBC799F9DA26EEB9F3246B7AA43BA0E23A2F2A761E3EF12F9C47A64F7EB	Rotterdam 1908
cpu_208.dat	57ED07F44E1BE474E9330335F0E694B21C9C03DE3DDEC3240F0BF8E4348BAD2B	Highland Dollar SV
cpu_209.dat	B69223005EC8F9D944A00D0CA5098B43244DE543DD32A5B3AA0E007266462FC0	Peixe FC
cpu_210.dat	A245B956178413D5A6EDDAE86627B4923B83E9DCF5C8F3A00872E945BB1CE920	Poco Jogador
cpu_211.dat	11586C80770CF8EC5CF89C2FAC4A1376FC38EFE6D2FFE04492B28BEAE17581CF	US del Mare
cpu_212.dat	E0B4041CE6292DB862E25739ED636FF952B077478082D3BCA4A86732083A7918	FC Citta di Acqua
cpu_213.dat	C9C7ADEC4B6892F03137767733FC64D9560E31D0702F21B1DF08F40567728F3E	Giallo Verona
cpu_214.dat	CD339F8BC44CAC7EE0000AB349C19802927808D36D8F51857726443E09AF4AEA	Corsi FC
cpu_215.dat	C05FAC9AD8B14EA71665F7A143999BBB5ADE858A714136AA3E63396C29013DEB	Canarini FC
cpu_216.dat	B720CD1259AD9E6E781F4F32E308AC537961CF328FB09642C40BA91455D139F4	FC Calabria
cpu_217.dat	1FBC5787947B4982021323DA8E038DE4B68542E4B33A0EB74BC651CDDF505069	Bergamo BC
cpu_218.dat	16ACB5DE54F926006D25468D139D0433D9FE1A6EC0F0A3554AE7990CDEE7FFDB	FC Provincia
cpu_219.dat	437DBECE2CA0F3F2B4738A3B074C6B23CACBCF2A79F93ED0223810FDF9CB6AEF	Toro Santa Rita
cpu_220.dat	AF93C992F138A74FDF9E8A90091B7F8172CBE15C24FB290518222AF8F5DC095F	Benito Betico
cpu_221.dat	A25C854DF523BD5E86E5E2AEE641AAF1138FD65F20FD03615FC14E396427AD4B	Fives Lillois
cpu_222.dat	3CB388D63218322E0F4EDB3D9E22B904F604393FBB64D91BE3E07806E949F205	Esperta Armonia
cpu_223.dat	1B594C9F16AA995995CFC6953F3A0B56E576BC0B39BC7B096331777E3C97C3D1	Scoperta Armonia
cpu_224.dat	EAB961DCB4DC457CD1239B33DFC0B3AFBC9B87377485BF1ADE804C03529A379B	Numero Elevado
cpu_225.dat	49A6C48EEC1EEC608D7855819F2948FB61DB152ED7A4F735A7DDC7F9D7C627D8	Grifone CFC
cpu_226.dat	AC1F5A21B0013E3CC08C6BC9BC1276AEE89D8050C4A93C22A8B568E0F68D4DB1	Terremoto Etna
cpu_227.dat	CABF7D427F4D426AAC9BABBE3B480243A67D55D35D51CF2DE85BEC62FF57D485	Mosh Rojilla
cpu_228.dat	CEAED1AB6C1B627383EB21E439C3C13A67234917A0FA29738C72449E2A3163AB	Albion Baggies
cpu_229.dat	1879D301519DBBFEF8F20F1A67B9BB1DB81D080170F94B2A610068F77359870C	Genova Ferraris
cpu_230.dat	67C41B325AD4EBA095CA1FBCCA7446852358FBC4BBF9BC14B11C410243C6D813	Rouge Jaune 72
cpu_231.dat	66855469B41F302BF9AC42B8D2CC8C60015C5C2D6BE5F3DC77780E2F692C6D34	Glasgow Clovers
cpu_232.dat	99E861A70A09F41C4AB022898EF554663141C0F0361039A77DDFBF5756BE7782	Reisbuch SGE
cpu_233.dat	0A4E73DD877BAF4A8C0CB606BAA34CA6B5EF04184B5E6E6D1AF70BD0BBDD0D97	Maas Kuil
cpu_234.dat	72F2EDBE121F9370DB9A042B6DA727D15EF2C7B8C9814180001EE6B2E6476CC4	Bullen FC
cpu_235.dat	3A931DDD89D070E4F0FBE4ACB7817C03AD9759C37A65D681930444306807F221	Sport Madeira
cpu_236.dat	F1D55D4BBCB8A7A524D7BE6134DA77D887A0C5914037EC8BA1B82875E353CD1F	Bottom United
cpu_237.dat	13563596C0F592523732FC6ADA737C26AAA6F2D736A4DECBB586794002A7F56E	FC Espesar
cpu_238.dat	5E8CC0C4B2EF329694E4A1985430015C1FB00C267E9A8D45564F08FFF3822D8A	FC Delgado
cpu_239.dat	39D4AF86A15BA40BDE27D97044D288122A296B610EAE9F8552A9E261E0382C75	Frutta Wakayama
cpu_240.dat	3A21329B6F6522BE845C06B8D79B933FB253BD1822AE7E4D4388F88F548AC911	Fer Morioka
cpu_241.dat	FFC0CFD7E881411F4CEB461DEDB938EC105C7C15B8AAED65DF0ABFA24E9201C4	Darsena Tsu
cpu_242.dat	581D3A10D9C11DD67FE0F661B27D1E4D96F6202A75720288D452CACD17271429	Nara Cervus
cpu_243.dat	C1A57FF87CE25412D5715670138762EB9809FF2A0769979228FBFDC9964BB266	Kiryu Eagles
cpu_244.dat	8269D384A46F8DDFCCF893D10A0FE9DF13BE445C26F2440199BA28B8491DD093	Kamogawa Wings
cpu_245.dat	63FCFE63D2D398D7F65B55FA89209D02EBE0041DFD4BF642BAA8A81F548C5AEE	Asahikawa Sunrise
cpu_246.dat	8D21862DB046BB502649120C4B3FFBCAE7A5A278F02992D07C0E81743F6CB8AC	Manzana Hirosaki
cpu_247.dat	F25C5ED2A6734A7317C522B8551AE4DD0FACC83C2F2921CDA2DED7E9857D02DB	Lancia Kaga
cpu_248.dat	3BE260F0038CF7A2A36B6197F1B3665EAB8586D3AA9D3BA5C4E7436E510C7395	Yokote United
cpu_249.dat	C086D6DD97D8A1872048F837515BE482F323116A5C129B7D5B7D62FFDE65BDBF	Lago Otsu
cpu_250.dat	2CC9309E700665D7A2C32A86629085E4E636AD6224C1D71475D84C4E3829E7E7	Rex Katsuyama
cpu_251.dat	09705F3432DAE6D93EF7906C0E7C2ED340A749280428F5A12FD4D3C4F6260837	Corrente Kochi
